name,email,phone,Age,Gender,DailyRate,MonthlyIncome,shortlisted
Person_0,person0@example.com,555-555-0000,58,Female,961,9157,0
Person_1,person1@example.com,555-555-0001,48,Male,795,9179,1
Person_2,person2@example.com,555-555-0002,34,Male,796,4134,0
Person_3,person3@example.com,555-555-0003,27,Male,1225,5595,1
Person_4,person4@example.com,555-555-0004,40,Female,1278,4956,1
Person_5,person5@example.com,555-555-0005,58,Female,906,3560,0
Person_6,person6@example.com,555-555-0006,38,Female,1268,7420,1
Person_7,person7@example.com,555-555-0007,42,Male,1313,3266,1
Person_8,person8@example.com,555-555-0008,30,Male,1112,4169,0
Person_9,person9@example.com,555-555-0009,30,Male,904,9314,1
Person_10,person10@example.com,555-555-0010,43,Male,845,5638,1
Person_11,person11@example.com,555-555-0011,55,Female,1121,2749,1
Person_12,person12@example.com,555-555-0012,59,Male,919,5427,0
Person_13,person13@example.com,555-555-0013,43,Male,681,6780,0
Person_14,person14@example.com,555-555-0014,22,Female,1482,3927,1
Person_15,person15@example.com,555-555-0015,41,Female,1324,5804,0
Person_16,person16@example.com,555-555-0016,21,Male,500,5702,1
Person_17,person17@example.com,555-555-0017,43,Female,1330,4356,1
Person_18,person18@example.com,555-555-0018,49,Female,1449,6790,1
Person_19,person19@example.com,555-555-0019,57,Male,1066,4335,1
Person_20,person20@example.com,555-555-0020,21,Female,870,2306,1
Person_21,person21@example.com,555-555-0021,40,Female,1435,9979,0
Person_22,person22@example.com,555-555-0022,52,Male,1410,5665,1
Person_23,person23@example.com,555-555-0023,31,Male,1160,3989,0
Person_24,person24@example.com,555-555-0024,41,Female,930,9057,0
Person_25,person25@example.com,555-555-0025,44,Male,1468,9890,1
Person_26,person26@example.com,555-555-0026,46,Male,808,2661,1
Person_27,person27@example.com,555-555-0027,47,Male,636,6644,0
Person_28,person28@example.com,555-555-0028,35,Female,701,9519,0
Person_29,person29@example.com,555-555-0029,34,Female,935,2311,0
Person_30,person30@example.com,555-555-0030,22,Female,812,4920,1
Person_31,person31@example.com,555-555-0031,56,Female,616,3082,0
Person_32,person32@example.com,555-555-0032,26,Female,1165,9810,1
Person_33,person33@example.com,555-555-0033,40,Female,1436,4971,1
Person_34,person34@example.com,555-555-0034,28,Male,1302,7833,1
Person_35,person35@example.com,555-555-0035,58,Female,1074,2754,0
Person_36,person36@example.com,555-555-0036,37,Female,743,6130,1
Person_37,person37@example.com,555-555-0037,23,Female,1036,6540,1
Person_38,person38@example.com,555-555-0038,44,Female,1101,8236,1
Person_39,person39@example.com,555-555-0039,33,Female,574,8078,1
Person_40,person40@example.com,555-555-0040,28,Female,1305,7326,1
Person_41,person41@example.com,555-555-0041,45,Male,885,2352,0
Person_42,person42@example.com,555-555-0042,21,Male,1402,2902,1
Person_43,person43@example.com,555-555-0043,39,Male,709,7451,1
Person_44,person44@example.com,555-555-0044,47,Male,974,5888,0
Person_45,person45@example.com,555-555-0045,26,Male,917,9005,1
Person_46,person46@example.com,555-555-0046,27,Male,846,7844,0
Person_47,person47@example.com,555-555-0047,54,Male,1028,2158,1
Person_48,person48@example.com,555-555-0048,33,Female,1139,3977,0
Person_49,person49@example.com,555-555-0049,36,Male,1438,2956,0
Person_50,person50@example.com,555-555-0050,55,Male,1454,4071,1
Person_51,person51@example.com,555-555-0051,59,Male,1375,2403,1
Person_52,person52@example.com,555-555-0052,23,Male,1262,8948,1
Person_53,person53@example.com,555-555-0053,21,Female,678,6611,0
Person_54,person54@example.com,555-555-0054,25,Female,681,4779,0
Person_55,person55@example.com,555-555-0055,23,Female,1163,3387,0
Person_56,person56@example.com,555-555-0056,48,Male,524,5453,1
Person_57,person57@example.com,555-555-0057,37,Female,1466,8675,0
Person_58,person58@example.com,555-555-0058,45,Male,679,2955,0
Person_59,person59@example.com,555-555-0059,53,Male,1209,8295,1
Person_60,person60@example.com,555-555-0060,29,Female,1000,9729,0
Person_61,person61@example.com,555-555-0061,55,Female,1355,3712,0
Person_62,person62@example.com,555-555-0062,33,Female,660,9090,1
Person_63,person63@example.com,555-555-0063,50,Female,676,6703,0
Person_64,person64@example.com,555-555-0064,34,Female,784,9784,1
Person_65,person65@example.com,555-555-0065,27,Female,562,8563,1
Person_66,person66@example.com,555-555-0066,33,Male,1161,3273,1
Person_67,person67@example.com,555-555-0067,42,Male,1165,9284,1
Person_68,person68@example.com,555-555-0068,59,Male,655,9009,1
Person_69,person69@example.com,555-555-0069,40,Male,1381,7631,0
Person_70,person70@example.com,555-555-0070,35,Male,968,5811,0
Person_71,person71@example.com,555-555-0071,37,Female,548,4625,1
Person_72,person72@example.com,555-555-0072,43,Female,1466,4382,1
Person_73,person73@example.com,555-555-0073,45,Male,1348,3441,0
Person_74,person74@example.com,555-555-0074,44,Female,583,4979,1
Person_75,person75@example.com,555-555-0075,48,Male,860,3797,1
Person_76,person76@example.com,555-555-0076,34,Female,1188,6390,1
Person_77,person77@example.com,555-555-0077,20,Male,647,6009,0
Person_78,person78@example.com,555-555-0078,44,Male,1129,6850,0
Person_79,person79@example.com,555-555-0079,26,Male,841,3394,1
Person_80,person80@example.com,555-555-0080,28,Female,975,6281,1
Person_81,person81@example.com,555-555-0081,43,Male,562,3269,0
Person_82,person82@example.com,555-555-0082,20,Female,1200,6732,0
Person_83,person83@example.com,555-555-0083,27,Female,859,7387,1
Person_84,person84@example.com,555-555-0084,43,Male,1060,5714,1
Person_85,person85@example.com,555-555-0085,30,Male,826,9404,0
Person_86,person86@example.com,555-555-0086,36,Female,1268,2529,0
Person_87,person87@example.com,555-555-0087,27,Female,1235,5623,0
Person_88,person88@example.com,555-555-0088,54,Male,640,8164,1
Person_89,person89@example.com,555-555-0089,54,Male,1489,4958,0
Person_90,person90@example.com,555-555-0090,52,Male,714,9904,1
Person_91,person91@example.com,555-555-0091,24,Female,934,4914,0
Person_92,person92@example.com,555-555-0092,58,Female,1390,6889,0
Person_93,person93@example.com,555-555-0093,47,Male,1451,5591,0
Person_94,person94@example.com,555-555-0094,26,Male,1222,4147,0
Person_95,person95@example.com,555-555-0095,28,Male,817,8895,1
Person_96,person96@example.com,555-555-0096,27,Female,531,6573,1
Person_97,person97@example.com,555-555-0097,31,Female,1169,7718,0
Person_98,person98@example.com,555-555-0098,53,Female,784,5369,1
Person_99,person99@example.com,555-555-0099,52,Female,804,2939,0
Person_100,person100@example.com,555-555-0100,42,Male,928,2525,0
Person_101,person101@example.com,555-555-0101,43,Female,976,8477,0
Person_102,person102@example.com,555-555-0102,56,Female,785,2001,0
Person_103,person103@example.com,555-555-0103,54,Female,643,2374,1
Person_104,person104@example.com,555-555-0104,59,Male,923,4340,0
Person_105,person105@example.com,555-555-0105,41,Female,518,8980,0
Person_106,person106@example.com,555-555-0106,46,Male,517,6005,1
Person_107,person107@example.com,555-555-0107,54,Male,1268,5052,0
Person_108,person108@example.com,555-555-0108,20,Male,1089,6648,0
Person_109,person109@example.com,555-555-0109,54,Female,870,4365,0
Person_110,person110@example.com,555-555-0110,56,Female,674,3525,1
Person_111,person111@example.com,555-555-0111,33,Male,693,7947,0
Person_112,person112@example.com,555-555-0112,22,Female,1001,6476,1
Person_113,person113@example.com,555-555-0113,20,Male,1487,3646,0
Person_114,person114@example.com,555-555-0114,24,Female,612,2013,0
Person_115,person115@example.com,555-555-0115,45,Female,613,6599,1
Person_116,person116@example.com,555-555-0116,33,Male,721,4278,0
Person_117,person117@example.com,555-555-0117,58,Female,1177,8104,0
Person_118,person118@example.com,555-555-0118,46,Female,1446,5155,1
Person_119,person119@example.com,555-555-0119,28,Male,1330,2129,1
Person_120,person120@example.com,555-555-0120,34,Female,1143,5814,1
Person_121,person121@example.com,555-555-0121,34,Female,1396,6933,1
Person_122,person122@example.com,555-555-0122,45,Female,763,5216,1
Person_123,person123@example.com,555-555-0123,32,Female,1424,4938,0
Person_124,person124@example.com,555-555-0124,51,Male,554,5928,1
Person_125,person125@example.com,555-555-0125,58,Male,1370,4040,0
Person_126,person126@example.com,555-555-0126,51,Male,1142,2027,0
Person_127,person127@example.com,555-555-0127,23,Female,1299,4113,0
Person_128,person128@example.com,555-555-0128,49,Female,1277,9330,1
Person_129,person129@example.com,555-555-0129,56,Female,957,3252,1
Person_130,person130@example.com,555-555-0130,42,Male,1478,6356,0
Person_131,person131@example.com,555-555-0131,58,Male,1377,4046,1
Person_132,person132@example.com,555-555-0132,34,Female,661,7568,1
Person_133,person133@example.com,555-555-0133,48,Female,879,7543,1
Person_134,person134@example.com,555-555-0134,55,Male,1492,6555,1
Person_135,person135@example.com,555-555-0135,32,Male,586,6023,0
Person_136,person136@example.com,555-555-0136,51,Male,554,9843,0
Person_137,person137@example.com,555-555-0137,26,Female,975,6396,1
Person_138,person138@example.com,555-555-0138,41,Female,1299,9062,0
Person_139,person139@example.com,555-555-0139,47,Male,677,5374,1
Person_140,person140@example.com,555-555-0140,21,Male,890,8430,1
Person_141,person141@example.com,555-555-0141,25,Female,848,5466,0
Person_142,person142@example.com,555-555-0142,47,Male,507,5081,0
Person_143,person143@example.com,555-555-0143,47,Female,1332,5778,0
Person_144,person144@example.com,555-555-0144,39,Male,812,2629,1
Person_145,person145@example.com,555-555-0145,49,Male,1258,2269,0
Person_146,person146@example.com,555-555-0146,30,Female,1334,4639,1
Person_147,person147@example.com,555-555-0147,47,Female,1483,3993,0
Person_148,person148@example.com,555-555-0148,44,Male,1482,7724,0
Person_149,person149@example.com,555-555-0149,58,Male,942,7897,1
Person_150,person150@example.com,555-555-0150,52,Female,1266,4891,1
Person_151,person151@example.com,555-555-0151,20,Female,827,6957,1
Person_152,person152@example.com,555-555-0152,46,Male,553,5432,1
Person_153,person153@example.com,555-555-0153,32,Female,1260,3280,1
Person_154,person154@example.com,555-555-0154,22,Male,738,8276,1
Person_155,person155@example.com,555-555-0155,58,Male,728,9443,1
Person_156,person156@example.com,555-555-0156,25,Male,1078,7895,1
Person_157,person157@example.com,555-555-0157,27,Female,550,7802,0
Person_158,person158@example.com,555-555-0158,46,Male,1108,9115,1
Person_159,person159@example.com,555-555-0159,28,Male,1103,8656,1
Person_160,person160@example.com,555-555-0160,56,Male,763,4360,0
Person_161,person161@example.com,555-555-0161,52,Female,917,2575,1
Person_162,person162@example.com,555-555-0162,43,Male,1302,9029,0
Person_163,person163@example.com,555-555-0163,34,Female,595,8099,0
Person_164,person164@example.com,555-555-0164,51,Female,587,3307,1
Person_165,person165@example.com,555-555-0165,51,Male,577,5192,0
Person_166,person166@example.com,555-555-0166,43,Male,787,5178,1
Person_167,person167@example.com,555-555-0167,31,Female,619,8052,0
Person_168,person168@example.com,555-555-0168,58,Male,1313,4734,0
Person_169,person169@example.com,555-555-0169,21,Male,990,8116,0
Person_170,person170@example.com,555-555-0170,22,Female,1411,9371,1
Person_171,person171@example.com,555-555-0171,56,Female,951,4212,1
Person_172,person172@example.com,555-555-0172,36,Male,999,4352,0
Person_173,person173@example.com,555-555-0173,21,Female,664,5568,0
Person_174,person174@example.com,555-555-0174,21,Female,681,3655,1
Person_175,person175@example.com,555-555-0175,47,Male,968,3579,1
Person_176,person176@example.com,555-555-0176,42,Male,1409,7943,0
Person_177,person177@example.com,555-555-0177,56,Male,1234,4203,0
Person_178,person178@example.com,555-555-0178,51,Male,1322,3390,1
Person_179,person179@example.com,555-555-0179,52,Male,1443,3742,1
Person_180,person180@example.com,555-555-0180,20,Female,1477,3925,1
Person_181,person181@example.com,555-555-0181,38,Female,506,2619,1
Person_182,person182@example.com,555-555-0182,21,Female,829,3274,1
Person_183,person183@example.com,555-555-0183,45,Male,1274,2956,0
Person_184,person184@example.com,555-555-0184,51,Male,1172,3939,1
Person_185,person185@example.com,555-555-0185,25,Male,650,5953,0
Person_186,person186@example.com,555-555-0186,51,Female,584,4381,1
Person_187,person187@example.com,555-555-0187,23,Male,646,9809,0
Person_188,person188@example.com,555-555-0188,30,Male,1123,2968,1
Person_189,person189@example.com,555-555-0189,36,Male,880,8654,1
Person_190,person190@example.com,555-555-0190,57,Male,1414,3316,0
Person_191,person191@example.com,555-555-0191,43,Male,1047,3043,0
Person_192,person192@example.com,555-555-0192,24,Male,784,2281,1
Person_193,person193@example.com,555-555-0193,53,Female,1199,4844,1
Person_194,person194@example.com,555-555-0194,25,Male,581,9168,1
Person_195,person195@example.com,555-555-0195,41,Female,1013,8262,1
Person_196,person196@example.com,555-555-0196,30,Female,1396,3058,1
Person_197,person197@example.com,555-555-0197,35,Male,1314,6293,0
Person_198,person198@example.com,555-555-0198,52,Female,1208,4532,0
Person_199,person199@example.com,555-555-0199,28,Female,1415,5828,1
Person_200,person200@example.com,555-555-0200,25,Female,1022,7178,0
Person_201,person201@example.com,555-555-0201,35,Female,1245,8980,0
Person_202,person202@example.com,555-555-0202,48,Female,885,7280,0
Person_203,person203@example.com,555-555-0203,22,Male,1206,3008,1
Person_204,person204@example.com,555-555-0204,39,Male,970,8834,0
Person_205,person205@example.com,555-555-0205,55,Male,618,3229,1
Person_206,person206@example.com,555-555-0206,38,Male,895,3035,0
Person_207,person207@example.com,555-555-0207,45,Male,1031,6585,1
Person_208,person208@example.com,555-555-0208,22,Male,760,2275,0
Person_209,person209@example.com,555-555-0209,38,Female,1304,4740,1
Person_210,person210@example.com,555-555-0210,39,Male,1433,4289,1
Person_211,person211@example.com,555-555-0211,51,Female,755,3239,0
Person_212,person212@example.com,555-555-0212,26,Male,1233,7370,1
Person_213,person213@example.com,555-555-0213,52,Male,1404,9978,1
Person_214,person214@example.com,555-555-0214,59,Female,725,2125,1
Person_215,person215@example.com,555-555-0215,58,Female,552,6065,1
Person_216,person216@example.com,555-555-0216,37,Female,1439,6312,1
Person_217,person217@example.com,555-555-0217,59,Female,1366,9473,1
Person_218,person218@example.com,555-555-0218,20,Male,999,5868,1
Person_219,person219@example.com,555-555-0219,30,Male,1005,3208,1
Person_220,person220@example.com,555-555-0220,47,Female,1353,9206,0
Person_221,person221@example.com,555-555-0221,44,Female,863,7342,0
Person_222,person222@example.com,555-555-0222,42,Female,779,9351,1
Person_223,person223@example.com,555-555-0223,50,Female,1092,8638,1
Person_224,person224@example.com,555-555-0224,49,Male,1213,8570,0
Person_225,person225@example.com,555-555-0225,54,Female,657,5249,0
Person_226,person226@example.com,555-555-0226,26,Female,1131,2918,0
Person_227,person227@example.com,555-555-0227,35,Female,558,9595,1
Person_228,person228@example.com,555-555-0228,45,Male,1226,7413,0
Person_229,person229@example.com,555-555-0229,21,Female,627,5923,1
Person_230,person230@example.com,555-555-0230,20,Male,1235,8294,1
Person_231,person231@example.com,555-555-0231,31,Male,1220,8527,0
Person_232,person232@example.com,555-555-0232,24,Female,1381,7757,1
Person_233,person233@example.com,555-555-0233,56,Female,614,9980,1
Person_234,person234@example.com,555-555-0234,51,Male,708,6403,1
Person_235,person235@example.com,555-555-0235,28,Male,1025,7455,1
Person_236,person236@example.com,555-555-0236,54,Female,1020,3969,0
Person_237,person237@example.com,555-555-0237,38,Male,1051,4793,0
Person_238,person238@example.com,555-555-0238,35,Female,1461,2891,1
Person_239,person239@example.com,555-555-0239,22,Female,736,6470,1
Person_240,person240@example.com,555-555-0240,39,Male,780,9175,0
Person_241,person241@example.com,555-555-0241,43,Female,858,4033,1
Person_242,person242@example.com,555-555-0242,52,Female,700,3364,0
Person_243,person243@example.com,555-555-0243,43,Female,1257,2128,1
Person_244,person244@example.com,555-555-0244,30,Male,777,3014,1
Person_245,person245@example.com,555-555-0245,27,Female,734,3799,0
Person_246,person246@example.com,555-555-0246,55,Male,993,8812,0
Person_247,person247@example.com,555-555-0247,57,Male,503,9519,0
Person_248,person248@example.com,555-555-0248,59,Female,1165,7477,0
Person_249,person249@example.com,555-555-0249,39,Male,941,6612,1
Person_250,person250@example.com,555-555-0250,54,Male,528,3518,0
Person_251,person251@example.com,555-555-0251,44,Female,608,6181,1
Person_252,person252@example.com,555-555-0252,54,Male,1109,3198,0
Person_253,person253@example.com,555-555-0253,44,Male,1226,5873,0
Person_254,person254@example.com,555-555-0254,48,Female,1304,9360,1
Person_255,person255@example.com,555-555-0255,37,Female,574,8454,0
Person_256,person256@example.com,555-555-0256,37,Male,1337,7238,0
Person_257,person257@example.com,555-555-0257,21,Male,645,9385,0
Person_258,person258@example.com,555-555-0258,54,Male,627,4474,0
Person_259,person259@example.com,555-555-0259,35,Female,1352,8089,1
Person_260,person260@example.com,555-555-0260,55,Female,541,5485,1
Person_261,person261@example.com,555-555-0261,52,Female,855,8257,0
Person_262,person262@example.com,555-555-0262,23,Male,540,6049,0
Person_263,person263@example.com,555-555-0263,52,Male,1433,9312,0
Person_264,person264@example.com,555-555-0264,33,Female,533,9705,1
Person_265,person265@example.com,555-555-0265,40,Female,516,5719,1
Person_266,person266@example.com,555-555-0266,39,Female,1176,2302,1
Person_267,person267@example.com,555-555-0267,27,Female,652,8887,1
Person_268,person268@example.com,555-555-0268,26,Female,1497,5952,0
Person_269,person269@example.com,555-555-0269,22,Male,877,6683,0
Person_270,person270@example.com,555-555-0270,36,Female,1087,2986,0
Person_271,person271@example.com,555-555-0271,52,Male,1098,3863,1
Person_272,person272@example.com,555-555-0272,31,Female,1128,6440,0
Person_273,person273@example.com,555-555-0273,41,Female,1373,6909,1
Person_274,person274@example.com,555-555-0274,41,Male,841,8083,1
Person_275,person275@example.com,555-555-0275,49,Male,1480,8944,0
Person_276,person276@example.com,555-555-0276,57,Male,526,5072,0
Person_277,person277@example.com,555-555-0277,57,Female,1324,9314,0
Person_278,person278@example.com,555-555-0278,27,Male,786,7406,1
Person_279,person279@example.com,555-555-0279,46,Female,1145,8095,1
Person_280,person280@example.com,555-555-0280,46,Female,1230,7773,0
Person_281,person281@example.com,555-555-0281,53,Male,667,5124,0
Person_282,person282@example.com,555-555-0282,40,Female,1109,3327,1
Person_283,person283@example.com,555-555-0283,49,Male,767,7188,0
Person_284,person284@example.com,555-555-0284,52,Male,1248,4408,1
Person_285,person285@example.com,555-555-0285,47,Female,1320,5673,1
Person_286,person286@example.com,555-555-0286,52,Female,954,5291,0
Person_287,person287@example.com,555-555-0287,24,Male,1405,6033,0
Person_288,person288@example.com,555-555-0288,38,Male,1184,7105,0
Person_289,person289@example.com,555-555-0289,23,Male,900,2703,0
Person_290,person290@example.com,555-555-0290,54,Male,1421,2574,1
Person_291,person291@example.com,555-555-0291,36,Female,1480,7704,1
Person_292,person292@example.com,555-555-0292,47,Female,975,5232,1
Person_293,person293@example.com,555-555-0293,49,Male,1201,9848,0
Person_294,person294@example.com,555-555-0294,48,Female,1133,7208,1
Person_295,person295@example.com,555-555-0295,25,Female,1057,6783,0
Person_296,person296@example.com,555-555-0296,54,Male,1075,8924,0
Person_297,person297@example.com,555-555-0297,56,Male,629,4632,0
Person_298,person298@example.com,555-555-0298,43,Male,1321,5828,0
Person_299,person299@example.com,555-555-0299,48,Female,862,8732,0
Person_300,person300@example.com,555-555-0300,50,Female,1204,5230,0
Person_301,person301@example.com,555-555-0301,54,Female,1318,2488,1
Person_302,person302@example.com,555-555-0302,52,Female,1192,9114,0
Person_303,person303@example.com,555-555-0303,40,Female,791,3347,1
Person_304,person304@example.com,555-555-0304,51,Male,870,5681,1
Person_305,person305@example.com,555-555-0305,42,Male,1293,9548,0
Person_306,person306@example.com,555-555-0306,52,Male,528,5173,0
Person_307,person307@example.com,555-555-0307,22,Female,648,6589,0
Person_308,person308@example.com,555-555-0308,37,Female,1278,3667,1
Person_309,person309@example.com,555-555-0309,44,Female,795,3637,0
Person_310,person310@example.com,555-555-0310,50,Female,510,6114,1
Person_311,person311@example.com,555-555-0311,22,Male,1011,9621,0
Person_312,person312@example.com,555-555-0312,59,Male,1175,5553,0
Person_313,person313@example.com,555-555-0313,43,Male,612,9761,1
Person_314,person314@example.com,555-555-0314,51,Female,686,8540,1
Person_315,person315@example.com,555-555-0315,41,Female,1306,3000,0
Person_316,person316@example.com,555-555-0316,42,Male,1243,9446,1
Person_317,person317@example.com,555-555-0317,21,Female,726,2850,1
Person_318,person318@example.com,555-555-0318,46,Male,809,3388,1
Person_319,person319@example.com,555-555-0319,21,Female,597,7450,1
Person_320,person320@example.com,555-555-0320,45,Female,554,5712,1
Person_321,person321@example.com,555-555-0321,36,Female,1122,3367,0
Person_322,person322@example.com,555-555-0322,59,Female,1163,2821,0
Person_323,person323@example.com,555-555-0323,52,Female,1257,2454,1
Person_324,person324@example.com,555-555-0324,28,Male,905,3624,0
Person_325,person325@example.com,555-555-0325,58,Female,568,4772,0
Person_326,person326@example.com,555-555-0326,48,Male,811,5726,1
Person_327,person327@example.com,555-555-0327,45,Female,788,9232,0
Person_328,person328@example.com,555-555-0328,54,Female,1261,5147,1
Person_329,person329@example.com,555-555-0329,44,Female,1047,6089,1
Person_330,person330@example.com,555-555-0330,43,Female,1250,6806,0
Person_331,person331@example.com,555-555-0331,32,Male,647,4190,1
Person_332,person332@example.com,555-555-0332,26,Female,966,2916,1
Person_333,person333@example.com,555-555-0333,55,Male,1238,5986,1
Person_334,person334@example.com,555-555-0334,39,Female,743,4875,1
Person_335,person335@example.com,555-555-0335,20,Female,990,8748,1
Person_336,person336@example.com,555-555-0336,27,Male,1348,7592,0
Person_337,person337@example.com,555-555-0337,35,Female,1457,3440,0
Person_338,person338@example.com,555-555-0338,33,Male,1006,6400,1
Person_339,person339@example.com,555-555-0339,31,Male,864,2735,1
Person_340,person340@example.com,555-555-0340,42,Female,981,5568,0
Person_341,person341@example.com,555-555-0341,34,Male,700,8434,1
Person_342,person342@example.com,555-555-0342,47,Male,653,8059,0
Person_343,person343@example.com,555-555-0343,53,Male,949,8245,1
Person_344,person344@example.com,555-555-0344,21,Male,1000,8105,1
Person_345,person345@example.com,555-555-0345,51,Female,572,5338,1
Person_346,person346@example.com,555-555-0346,42,Female,1212,9010,1
Person_347,person347@example.com,555-555-0347,41,Male,795,5015,1
Person_348,person348@example.com,555-555-0348,44,Female,516,9789,1
Person_349,person349@example.com,555-555-0349,41,Male,1140,9117,1
Person_350,person350@example.com,555-555-0350,41,Female,716,4889,0
Person_351,person351@example.com,555-555-0351,25,Female,560,2961,0
Person_352,person352@example.com,555-555-0352,34,Female,1438,4989,0
Person_353,person353@example.com,555-555-0353,56,Male,1115,5848,1
Person_354,person354@example.com,555-555-0354,52,Female,541,3026,1
Person_355,person355@example.com,555-555-0355,27,Male,524,8228,1
Person_356,person356@example.com,555-555-0356,24,Female,538,5865,1
Person_357,person357@example.com,555-555-0357,58,Male,1302,8471,1
Person_358,person358@example.com,555-555-0358,23,Male,630,4863,1
Person_359,person359@example.com,555-555-0359,25,Male,997,7569,1
Person_360,person360@example.com,555-555-0360,51,Female,728,4501,0
Person_361,person361@example.com,555-555-0361,49,Male,607,3947,1
Person_362,person362@example.com,555-555-0362,54,Female,671,8772,0
Person_363,person363@example.com,555-555-0363,59,Female,934,9388,0
Person_364,person364@example.com,555-555-0364,35,Male,977,3177,1
Person_365,person365@example.com,555-555-0365,32,Female,601,6760,1
Person_366,person366@example.com,555-555-0366,49,Male,1365,2011,0
Person_367,person367@example.com,555-555-0367,38,Female,1023,7252,0
Person_368,person368@example.com,555-555-0368,36,Male,774,6399,1
Person_369,person369@example.com,555-555-0369,38,Female,1112,5364,1
Person_370,person370@example.com,555-555-0370,47,Female,543,5022,0
Person_371,person371@example.com,555-555-0371,45,Female,1454,5371,1
Person_372,person372@example.com,555-555-0372,56,Female,1316,7859,1
Person_373,person373@example.com,555-555-0373,45,Female,1456,4830,1
Person_374,person374@example.com,555-555-0374,42,Male,516,2042,0
Person_375,person375@example.com,555-555-0375,28,Male,829,2943,0
Person_376,person376@example.com,555-555-0376,31,Female,1068,4390,0
Person_377,person377@example.com,555-555-0377,20,Male,1322,7445,1
Person_378,person378@example.com,555-555-0378,20,Male,996,9981,1
Person_379,person379@example.com,555-555-0379,53,Female,1314,4545,0
Person_380,person380@example.com,555-555-0380,51,Female,511,4411,0
Person_381,person381@example.com,555-555-0381,44,Male,817,6986,0
Person_382,person382@example.com,555-555-0382,59,Male,1091,8570,1
Person_383,person383@example.com,555-555-0383,20,Male,715,3004,0
Person_384,person384@example.com,555-555-0384,35,Male,838,2020,0
Person_385,person385@example.com,555-555-0385,58,Male,1275,2406,1
Person_386,person386@example.com,555-555-0386,24,Male,1490,8762,1
Person_387,person387@example.com,555-555-0387,41,Male,1160,3014,1
Person_388,person388@example.com,555-555-0388,48,Female,580,6431,0
Person_389,person389@example.com,555-555-0389,22,Female,1226,3838,1
Person_390,person390@example.com,555-555-0390,31,Female,984,5188,1
Person_391,person391@example.com,555-555-0391,45,Female,873,7243,0
Person_392,person392@example.com,555-555-0392,35,Male,1475,8542,1
Person_393,person393@example.com,555-555-0393,56,Female,1209,8936,0
Person_394,person394@example.com,555-555-0394,41,Male,699,7923,0
Person_395,person395@example.com,555-555-0395,48,Male,1036,2714,1
Person_396,person396@example.com,555-555-0396,33,Male,965,6146,1
Person_397,person397@example.com,555-555-0397,47,Female,588,5854,1
Person_398,person398@example.com,555-555-0398,24,Female,767,6419,1
Person_399,person399@example.com,555-555-0399,49,Male,1154,6884,1
Person_400,person400@example.com,555-555-0400,24,Male,1070,2140,1
Person_401,person401@example.com,555-555-0401,31,Male,1421,6565,0
Person_402,person402@example.com,555-555-0402,35,Male,988,6882,0
Person_403,person403@example.com,555-555-0403,45,Female,1376,7921,1
Person_404,person404@example.com,555-555-0404,45,Female,1037,7453,0
Person_405,person405@example.com,555-555-0405,40,Male,546,8012,1
Person_406,person406@example.com,555-555-0406,58,Male,787,2963,0
Person_407,person407@example.com,555-555-0407,55,Female,1277,9151,0
Person_408,person408@example.com,555-555-0408,52,Female,515,2372,0
Person_409,person409@example.com,555-555-0409,49,Male,1210,5635,1
Person_410,person410@example.com,555-555-0410,56,Female,900,4541,0
Person_411,person411@example.com,555-555-0411,42,Female,1418,5610,1
Person_412,person412@example.com,555-555-0412,29,Female,1293,3692,0
Person_413,person413@example.com,555-555-0413,24,Male,1480,8894,0
Person_414,person414@example.com,555-555-0414,55,Male,585,7275,0
Person_415,person415@example.com,555-555-0415,53,Male,749,8434,0
Person_416,person416@example.com,555-555-0416,50,Male,890,7767,0
Person_417,person417@example.com,555-555-0417,29,Male,1281,9311,1
Person_418,person418@example.com,555-555-0418,38,Female,834,2105,1
Person_419,person419@example.com,555-555-0419,51,Male,1128,7539,0
Person_420,person420@example.com,555-555-0420,20,Male,1018,8813,0
Person_421,person421@example.com,555-555-0421,24,Female,636,3681,0
Person_422,person422@example.com,555-555-0422,23,Male,1382,6097,0
Person_423,person423@example.com,555-555-0423,35,Female,1187,6016,1
Person_424,person424@example.com,555-555-0424,43,Male,1339,4636,0
Person_425,person425@example.com,555-555-0425,35,Male,997,8787,1
Person_426,person426@example.com,555-555-0426,21,Female,1326,4137,0
Person_427,person427@example.com,555-555-0427,47,Male,1226,5416,1
Person_428,person428@example.com,555-555-0428,51,Female,976,6445,0
Person_429,person429@example.com,555-555-0429,46,Female,1093,5530,0
Person_430,person430@example.com,555-555-0430,39,Male,722,3286,1
Person_431,person431@example.com,555-555-0431,43,Male,1489,9518,0
Person_432,person432@example.com,555-555-0432,31,Male,871,5179,0
Person_433,person433@example.com,555-555-0433,54,Female,1434,9753,0
Person_434,person434@example.com,555-555-0434,52,Female,1494,7158,1
Person_435,person435@example.com,555-555-0435,52,Male,901,9052,0
Person_436,person436@example.com,555-555-0436,56,Male,942,8302,0
Person_437,person437@example.com,555-555-0437,31,Female,989,5654,1
Person_438,person438@example.com,555-555-0438,22,Male,1114,9102,1
Person_439,person439@example.com,555-555-0439,20,Female,772,4359,1
Person_440,person440@example.com,555-555-0440,52,Female,1025,9408,0
Person_441,person441@example.com,555-555-0441,59,Female,658,2444,0
Person_442,person442@example.com,555-555-0442,29,Female,651,8441,0
Person_443,person443@example.com,555-555-0443,48,Female,1494,7047,1
Person_444,person444@example.com,555-555-0444,32,Female,1119,2035,0
Person_445,person445@example.com,555-555-0445,31,Female,687,7203,0
Person_446,person446@example.com,555-555-0446,50,Female,1312,3475,1
Person_447,person447@example.com,555-555-0447,21,Female,597,5957,1
Person_448,person448@example.com,555-555-0448,54,Female,630,3798,1
Person_449,person449@example.com,555-555-0449,42,Female,1304,3845,1
Person_450,person450@example.com,555-555-0450,36,Female,670,3408,1
Person_451,person451@example.com,555-555-0451,45,Female,1435,7291,0
Person_452,person452@example.com,555-555-0452,27,Male,1485,7495,1
Person_453,person453@example.com,555-555-0453,48,Male,682,3708,0
Person_454,person454@example.com,555-555-0454,45,Male,1482,7481,0
Person_455,person455@example.com,555-555-0455,29,Female,863,8702,1
Person_456,person456@example.com,555-555-0456,45,Female,538,4938,1
Person_457,person457@example.com,555-555-0457,53,Female,1026,8284,1
Person_458,person458@example.com,555-555-0458,26,Female,1387,9030,0
Person_459,person459@example.com,555-555-0459,23,Male,996,9285,1
Person_460,person460@example.com,555-555-0460,30,Male,1015,3300,1
Person_461,person461@example.com,555-555-0461,48,Male,848,8869,1
Person_462,person462@example.com,555-555-0462,55,Male,1481,3243,1
Person_463,person463@example.com,555-555-0463,44,Male,1420,5976,1
Person_464,person464@example.com,555-555-0464,40,Female,896,5097,0
Person_465,person465@example.com,555-555-0465,55,Male,1221,6616,0
Person_466,person466@example.com,555-555-0466,29,Male,660,7902,0
Person_467,person467@example.com,555-555-0467,56,Female,515,2009,1
Person_468,person468@example.com,555-555-0468,28,Female,992,7079,1
Person_469,person469@example.com,555-555-0469,43,Male,925,4425,1
Person_470,person470@example.com,555-555-0470,54,Male,607,7752,0
Person_471,person471@example.com,555-555-0471,54,Female,1393,3660,1
Person_472,person472@example.com,555-555-0472,55,Male,949,8825,1
Person_473,person473@example.com,555-555-0473,37,Male,810,4631,1
Person_474,person474@example.com,555-555-0474,58,Male,1238,8295,0
Person_475,person475@example.com,555-555-0475,51,Female,669,6815,1
Person_476,person476@example.com,555-555-0476,43,Female,1045,3072,0
Person_477,person477@example.com,555-555-0477,42,Female,913,5225,1
Person_478,person478@example.com,555-555-0478,51,Female,750,6954,0
Person_479,person479@example.com,555-555-0479,56,Female,1258,3316,0
Person_480,person480@example.com,555-555-0480,31,Male,1280,7699,0
Person_481,person481@example.com,555-555-0481,32,Male,640,6145,1
Person_482,person482@example.com,555-555-0482,42,Male,773,8807,1
Person_483,person483@example.com,555-555-0483,44,Female,915,8674,0
Person_484,person484@example.com,555-555-0484,54,Female,1107,5683,0
Person_485,person485@example.com,555-555-0485,49,Female,1238,9227,1
Person_486,person486@example.com,555-555-0486,36,Male,1390,9334,1
Person_487,person487@example.com,555-555-0487,39,Female,538,5273,0
Person_488,person488@example.com,555-555-0488,44,Female,1313,9000,1
Person_489,person489@example.com,555-555-0489,41,Female,528,2145,1
Person_490,person490@example.com,555-555-0490,32,Male,1457,7010,1
Person_491,person491@example.com,555-555-0491,38,Male,976,9843,1
Person_492,person492@example.com,555-555-0492,55,Male,817,5040,0
Person_493,person493@example.com,555-555-0493,31,Male,744,3462,1
Person_494,person494@example.com,555-555-0494,38,Male,1247,8385,1
Person_495,person495@example.com,555-555-0495,31,Female,1196,6676,0
Person_496,person496@example.com,555-555-0496,28,Male,771,8830,0
Person_497,person497@example.com,555-555-0497,26,Male,939,3584,1
Person_498,person498@example.com,555-555-0498,47,Male,1247,2482,1
Person_499,person499@example.com,555-555-0499,33,Male,738,5179,1
Person_500,person500@example.com,555-555-0500,50,Female,876,3249,1
Person_501,person501@example.com,555-555-0501,38,Male,765,6768,0
Person_502,person502@example.com,555-555-0502,35,Male,1425,2630,0
Person_503,person503@example.com,555-555-0503,24,Female,1420,8804,0
Person_504,person504@example.com,555-555-0504,54,Male,858,2661,1
Person_505,person505@example.com,555-555-0505,31,Female,839,5503,1
Person_506,person506@example.com,555-555-0506,44,Male,888,4852,1
Person_507,person507@example.com,555-555-0507,40,Male,1076,9822,1
Person_508,person508@example.com,555-555-0508,55,Male,1489,4466,0
Person_509,person509@example.com,555-555-0509,42,Male,1188,2987,0
Person_510,person510@example.com,555-555-0510,35,Male,502,9622,1
Person_511,person511@example.com,555-555-0511,58,Male,928,9327,0
Person_512,person512@example.com,555-555-0512,58,Female,641,3546,1
Person_513,person513@example.com,555-555-0513,33,Male,875,2649,1
Person_514,person514@example.com,555-555-0514,50,Female,1169,2968,0
Person_515,person515@example.com,555-555-0515,24,Female,823,4637,1
Person_516,person516@example.com,555-555-0516,54,Male,645,3100,1
Person_517,person517@example.com,555-555-0517,42,Male,1457,8652,0
Person_518,person518@example.com,555-555-0518,48,Male,792,2440,1
Person_519,person519@example.com,555-555-0519,30,Female,1164,9421,1
Person_520,person520@example.com,555-555-0520,37,Female,931,7016,0
Person_521,person521@example.com,555-555-0521,31,Male,1204,2769,1
Person_522,person522@example.com,555-555-0522,28,Female,1448,3343,0
Person_523,person523@example.com,555-555-0523,29,Female,1474,7922,1
Person_524,person524@example.com,555-555-0524,36,Female,1084,6358,0
Person_525,person525@example.com,555-555-0525,57,Female,898,9764,0
Person_526,person526@example.com,555-555-0526,26,Female,1316,5729,0
Person_527,person527@example.com,555-555-0527,32,Male,1388,5906,1
Person_528,person528@example.com,555-555-0528,59,Male,843,3577,0
Person_529,person529@example.com,555-555-0529,28,Male,1463,9541,0
Person_530,person530@example.com,555-555-0530,46,Male,639,8780,0
Person_531,person531@example.com,555-555-0531,21,Female,686,9334,0
Person_532,person532@example.com,555-555-0532,24,Female,1304,6008,0
Person_533,person533@example.com,555-555-0533,48,Male,560,9920,1
Person_534,person534@example.com,555-555-0534,56,Female,1496,8602,1
Person_535,person535@example.com,555-555-0535,57,Female,1438,7094,1
Person_536,person536@example.com,555-555-0536,38,Male,879,5351,1
Person_537,person537@example.com,555-555-0537,27,Female,1209,6795,1
Person_538,person538@example.com,555-555-0538,20,Female,1306,4349,1
Person_539,person539@example.com,555-555-0539,41,Male,939,5602,1
Person_540,person540@example.com,555-555-0540,36,Female,818,7699,0
Person_541,person541@example.com,555-555-0541,26,Female,801,3241,1
Person_542,person542@example.com,555-555-0542,44,Male,843,3125,0
Person_543,person543@example.com,555-555-0543,23,Male,510,4601,0
Person_544,person544@example.com,555-555-0544,55,Male,561,8431,1
Person_545,person545@example.com,555-555-0545,25,Female,1344,3190,0
Person_546,person546@example.com,555-555-0546,50,Female,725,8764,0
Person_547,person547@example.com,555-555-0547,38,Male,652,7101,0
Person_548,person548@example.com,555-555-0548,58,Female,1210,6131,0
Person_549,person549@example.com,555-555-0549,46,Male,1063,6839,1
Person_550,person550@example.com,555-555-0550,29,Female,1271,7860,1
Person_551,person551@example.com,555-555-0551,45,Female,1070,6448,1
Person_552,person552@example.com,555-555-0552,38,Male,1083,9843,1
Person_553,person553@example.com,555-555-0553,58,Female,1159,8018,1
Person_554,person554@example.com,555-555-0554,22,Female,1360,2072,1
Person_555,person555@example.com,555-555-0555,32,Female,1074,8791,1
Person_556,person556@example.com,555-555-0556,47,Male,809,7472,1
Person_557,person557@example.com,555-555-0557,39,Female,1384,3914,1
Person_558,person558@example.com,555-555-0558,47,Female,742,7189,1
Person_559,person559@example.com,555-555-0559,27,Male,992,4472,0
Person_560,person560@example.com,555-555-0560,58,Male,865,5046,1
Person_561,person561@example.com,555-555-0561,20,Male,829,2707,0
Person_562,person562@example.com,555-555-0562,22,Female,606,3804,0
Person_563,person563@example.com,555-555-0563,32,Male,725,8704,0
Person_564,person564@example.com,555-555-0564,47,Female,1324,8971,0
Person_565,person565@example.com,555-555-0565,44,Female,717,5713,1
Person_566,person566@example.com,555-555-0566,52,Male,1436,7051,0
Person_567,person567@example.com,555-555-0567,57,Female,1252,4564,1
Person_568,person568@example.com,555-555-0568,25,Female,1005,4475,1
Person_569,person569@example.com,555-555-0569,51,Female,758,5610,0
Person_570,person570@example.com,555-555-0570,40,Female,1387,6255,1
Person_571,person571@example.com,555-555-0571,35,Male,1273,8292,0
Person_572,person572@example.com,555-555-0572,40,Female,1016,4823,0
Person_573,person573@example.com,555-555-0573,30,Female,1272,9397,1
Person_574,person574@example.com,555-555-0574,56,Male,553,3735,1
Person_575,person575@example.com,555-555-0575,55,Female,546,3585,0
Person_576,person576@example.com,555-555-0576,54,Female,1226,2066,1
Person_577,person577@example.com,555-555-0577,38,Male,1188,5061,1
Person_578,person578@example.com,555-555-0578,39,Male,1020,9979,1
Person_579,person579@example.com,555-555-0579,37,Female,598,4428,0
Person_580,person580@example.com,555-555-0580,33,Male,519,6153,0
Person_581,person581@example.com,555-555-0581,34,Female,1389,9426,1
Person_582,person582@example.com,555-555-0582,50,Female,1252,2341,1
Person_583,person583@example.com,555-555-0583,20,Male,1072,7249,1
Person_584,person584@example.com,555-555-0584,22,Female,1390,4774,1
Person_585,person585@example.com,555-555-0585,35,Male,989,7291,1
Person_586,person586@example.com,555-555-0586,42,Male,918,4817,0
Person_587,person587@example.com,555-555-0587,30,Female,1189,4661,1
Person_588,person588@example.com,555-555-0588,31,Male,1349,3232,0
Person_589,person589@example.com,555-555-0589,29,Male,561,5874,1
Person_590,person590@example.com,555-555-0590,51,Female,644,4401,0
Person_591,person591@example.com,555-555-0591,35,Male,715,3494,1
Person_592,person592@example.com,555-555-0592,27,Male,502,7917,0
Person_593,person593@example.com,555-555-0593,57,Female,659,6211,1
Person_594,person594@example.com,555-555-0594,31,Male,1238,9431,0
Person_595,person595@example.com,555-555-0595,43,Female,1497,2661,0
Person_596,person596@example.com,555-555-0596,47,Female,1280,5883,0
Person_597,person597@example.com,555-555-0597,27,Male,619,7561,0
Person_598,person598@example.com,555-555-0598,47,Male,1392,5619,0
Person_599,person599@example.com,555-555-0599,55,Female,588,8596,0
Person_600,person600@example.com,555-555-0600,45,Male,828,3868,1
Person_601,person601@example.com,555-555-0601,27,Female,1079,9644,0
Person_602,person602@example.com,555-555-0602,47,Male,1409,4334,1
Person_603,person603@example.com,555-555-0603,47,Female,856,5374,1
Person_604,person604@example.com,555-555-0604,56,Female,1109,3016,1
Person_605,person605@example.com,555-555-0605,55,Female,766,6406,1
Person_606,person606@example.com,555-555-0606,46,Male,1116,2207,1
Person_607,person607@example.com,555-555-0607,36,Female,1451,4665,0
Person_608,person608@example.com,555-555-0608,28,Male,822,4493,0
Person_609,person609@example.com,555-555-0609,52,Male,1134,8813,0
Person_610,person610@example.com,555-555-0610,39,Female,1487,2632,1
Person_611,person611@example.com,555-555-0611,32,Male,1040,4102,0
Person_612,person612@example.com,555-555-0612,47,Female,1148,4959,0
Person_613,person613@example.com,555-555-0613,48,Male,694,5083,0
Person_614,person614@example.com,555-555-0614,32,Female,1420,6752,0
Person_615,person615@example.com,555-555-0615,54,Male,1237,7519,0
Person_616,person616@example.com,555-555-0616,25,Female,831,3931,1
Person_617,person617@example.com,555-555-0617,37,Male,669,5719,0
Person_618,person618@example.com,555-555-0618,24,Female,1020,9123,1
Person_619,person619@example.com,555-555-0619,44,Male,962,4562,1
Person_620,person620@example.com,555-555-0620,21,Male,539,3679,1
Person_621,person621@example.com,555-555-0621,29,Male,1036,9709,1
Person_622,person622@example.com,555-555-0622,49,Male,760,2236,1
Person_623,person623@example.com,555-555-0623,24,Male,894,9446,0
Person_624,person624@example.com,555-555-0624,52,Female,1454,6443,0
Person_625,person625@example.com,555-555-0625,20,Female,725,8770,0
Person_626,person626@example.com,555-555-0626,37,Male,1483,9271,1
Person_627,person627@example.com,555-555-0627,51,Male,623,6725,0
Person_628,person628@example.com,555-555-0628,30,Male,1474,3540,0
Person_629,person629@example.com,555-555-0629,40,Female,537,8099,1
Person_630,person630@example.com,555-555-0630,45,Female,827,5943,1
Person_631,person631@example.com,555-555-0631,44,Female,750,7367,1
Person_632,person632@example.com,555-555-0632,41,Male,1400,2363,1
Person_633,person633@example.com,555-555-0633,46,Male,675,4368,0
Person_634,person634@example.com,555-555-0634,32,Male,1101,9800,1
Person_635,person635@example.com,555-555-0635,52,Male,1413,2285,1
Person_636,person636@example.com,555-555-0636,53,Male,953,2148,0
Person_637,person637@example.com,555-555-0637,54,Male,536,7203,0
Person_638,person638@example.com,555-555-0638,20,Female,815,6037,1
Person_639,person639@example.com,555-555-0639,40,Male,1187,8549,0
Person_640,person640@example.com,555-555-0640,25,Female,1472,9121,1
Person_641,person641@example.com,555-555-0641,47,Female,1295,6551,1
Person_642,person642@example.com,555-555-0642,36,Female,1464,3766,0
Person_643,person643@example.com,555-555-0643,24,Male,1472,6895,0
Person_644,person644@example.com,555-555-0644,50,Female,1092,7280,1
Person_645,person645@example.com,555-555-0645,24,Male,613,3012,1
Person_646,person646@example.com,555-555-0646,57,Female,539,4831,1
Person_647,person647@example.com,555-555-0647,22,Female,800,4507,0
Person_648,person648@example.com,555-555-0648,42,Male,723,9717,1
Person_649,person649@example.com,555-555-0649,56,Male,817,3523,1
Person_650,person650@example.com,555-555-0650,56,Male,848,4785,1
Person_651,person651@example.com,555-555-0651,29,Male,614,4556,1
Person_652,person652@example.com,555-555-0652,29,Female,1197,5725,1
Person_653,person653@example.com,555-555-0653,38,Male,822,9971,0
Person_654,person654@example.com,555-555-0654,36,Female,1067,6576,1
Person_655,person655@example.com,555-555-0655,40,Male,539,7782,1
Person_656,person656@example.com,555-555-0656,33,Male,1365,8257,1
Person_657,person657@example.com,555-555-0657,28,Female,539,8892,1
Person_658,person658@example.com,555-555-0658,20,Male,1358,3601,0
Person_659,person659@example.com,555-555-0659,32,Male,1472,4408,0
Person_660,person660@example.com,555-555-0660,23,Female,1248,2340,0
Person_661,person661@example.com,555-555-0661,20,Male,788,4817,1
Person_662,person662@example.com,555-555-0662,59,Female,761,8106,1
Person_663,person663@example.com,555-555-0663,51,Male,715,8904,0
Person_664,person664@example.com,555-555-0664,53,Female,646,9112,0
Person_665,person665@example.com,555-555-0665,47,Female,835,4496,0
Person_666,person666@example.com,555-555-0666,50,Female,667,7962,1
Person_667,person667@example.com,555-555-0667,27,Male,591,6930,1
Person_668,person668@example.com,555-555-0668,58,Female,852,7299,0
Person_669,person669@example.com,555-555-0669,45,Male,1070,3725,0
Person_670,person670@example.com,555-555-0670,53,Male,1070,9574,0
Person_671,person671@example.com,555-555-0671,22,Female,1315,3689,1
Person_672,person672@example.com,555-555-0672,31,Female,1180,5267,1
Person_673,person673@example.com,555-555-0673,20,Male,1280,9633,1
Person_674,person674@example.com,555-555-0674,24,Female,862,6406,0
Person_675,person675@example.com,555-555-0675,49,Female,1056,2261,0
Person_676,person676@example.com,555-555-0676,49,Female,844,3442,1
Person_677,person677@example.com,555-555-0677,36,Female,1192,2405,0
Person_678,person678@example.com,555-555-0678,42,Male,669,4190,1
Person_679,person679@example.com,555-555-0679,34,Male,855,6437,0
Person_680,person680@example.com,555-555-0680,56,Female,690,7435,0
Person_681,person681@example.com,555-555-0681,40,Male,1166,9268,0
Person_682,person682@example.com,555-555-0682,33,Male,921,2243,0
Person_683,person683@example.com,555-555-0683,21,Male,1199,6585,1
Person_684,person684@example.com,555-555-0684,30,Male,506,6107,0
Person_685,person685@example.com,555-555-0685,58,Male,632,9406,1
Person_686,person686@example.com,555-555-0686,57,Female,1246,2560,1
Person_687,person687@example.com,555-555-0687,53,Male,1056,6137,1
Person_688,person688@example.com,555-555-0688,57,Male,1325,4725,0
Person_689,person689@example.com,555-555-0689,53,Female,1260,2593,1
Person_690,person690@example.com,555-555-0690,37,Female,530,7548,1
Person_691,person691@example.com,555-555-0691,49,Male,1034,3826,1
Person_692,person692@example.com,555-555-0692,34,Female,925,5229,0
Person_693,person693@example.com,555-555-0693,46,Female,893,5287,0
Person_694,person694@example.com,555-555-0694,53,Female,1171,6073,1
Person_695,person695@example.com,555-555-0695,57,Female,862,7789,0
Person_696,person696@example.com,555-555-0696,52,Female,936,9629,1
Person_697,person697@example.com,555-555-0697,43,Female,1169,2133,1
Person_698,person698@example.com,555-555-0698,34,Male,1050,5138,0
Person_699,person699@example.com,555-555-0699,49,Female,1426,5919,1
Person_700,person700@example.com,555-555-0700,36,Female,581,9174,0
Person_701,person701@example.com,555-555-0701,24,Female,855,7043,0
Person_702,person702@example.com,555-555-0702,48,Female,757,9693,1
Person_703,person703@example.com,555-555-0703,23,Male,1217,2072,0
Person_704,person704@example.com,555-555-0704,29,Male,1088,6494,0
Person_705,person705@example.com,555-555-0705,36,Male,1488,7524,1
Person_706,person706@example.com,555-555-0706,29,Female,1023,9842,1
Person_707,person707@example.com,555-555-0707,36,Female,794,8721,0
Person_708,person708@example.com,555-555-0708,39,Male,1461,9002,0
Person_709,person709@example.com,555-555-0709,43,Male,723,6225,1
Person_710,person710@example.com,555-555-0710,24,Female,1024,4978,0
Person_711,person711@example.com,555-555-0711,53,Female,545,9633,0
Person_712,person712@example.com,555-555-0712,25,Female,1166,9373,0
Person_713,person713@example.com,555-555-0713,21,Female,612,7907,0
Person_714,person714@example.com,555-555-0714,32,Male,732,8097,0
Person_715,person715@example.com,555-555-0715,30,Male,516,9935,0
Person_716,person716@example.com,555-555-0716,42,Male,859,6361,0
Person_717,person717@example.com,555-555-0717,35,Male,722,7656,1
Person_718,person718@example.com,555-555-0718,50,Male,1365,3985,1
Person_719,person719@example.com,555-555-0719,30,Male,1199,2792,1
Person_720,person720@example.com,555-555-0720,35,Male,947,8396,1
Person_721,person721@example.com,555-555-0721,27,Female,1355,8965,1
Person_722,person722@example.com,555-555-0722,23,Female,864,7408,0
Person_723,person723@example.com,555-555-0723,59,Female,1174,6259,0
Person_724,person724@example.com,555-555-0724,23,Female,825,2094,0
Person_725,person725@example.com,555-555-0725,44,Female,966,7901,0
Person_726,person726@example.com,555-555-0726,22,Female,913,8976,1
Person_727,person727@example.com,555-555-0727,51,Male,954,3133,0
Person_728,person728@example.com,555-555-0728,22,Male,1085,8479,0
Person_729,person729@example.com,555-555-0729,46,Female,732,6917,1
Person_730,person730@example.com,555-555-0730,48,Male,723,2237,0
Person_731,person731@example.com,555-555-0731,51,Female,1493,8524,0
Person_732,person732@example.com,555-555-0732,38,Female,1330,9603,1
Person_733,person733@example.com,555-555-0733,40,Male,911,4946,0
Person_734,person734@example.com,555-555-0734,24,Female,1071,4530,0
Person_735,person735@example.com,555-555-0735,37,Female,834,3960,0
Person_736,person736@example.com,555-555-0736,47,Male,721,9045,0
Person_737,person737@example.com,555-555-0737,41,Male,536,3048,0
Person_738,person738@example.com,555-555-0738,40,Male,1488,7772,1
Person_739,person739@example.com,555-555-0739,25,Male,777,9284,1
Person_740,person740@example.com,555-555-0740,20,Female,695,4529,1
Person_741,person741@example.com,555-555-0741,24,Female,1415,9559,1
Person_742,person742@example.com,555-555-0742,31,Male,1363,4964,1
Person_743,person743@example.com,555-555-0743,45,Female,983,9137,1
Person_744,person744@example.com,555-555-0744,53,Male,741,2963,0
Person_745,person745@example.com,555-555-0745,33,Female,823,2536,1
Person_746,person746@example.com,555-555-0746,45,Female,1230,9246,1
Person_747,person747@example.com,555-555-0747,46,Female,691,7699,0
Person_748,person748@example.com,555-555-0748,28,Male,516,9340,0
Person_749,person749@example.com,555-555-0749,45,Male,1023,8075,1
Person_750,person750@example.com,555-555-0750,41,Male,1417,9179,0
Person_751,person751@example.com,555-555-0751,49,Female,900,9967,1
Person_752,person752@example.com,555-555-0752,36,Male,1405,6223,0
Person_753,person753@example.com,555-555-0753,45,Female,1385,5679,1
Person_754,person754@example.com,555-555-0754,55,Female,1204,6187,0
Person_755,person755@example.com,555-555-0755,20,Female,521,5724,0
Person_756,person756@example.com,555-555-0756,27,Female,973,2542,1
Person_757,person757@example.com,555-555-0757,54,Male,619,2845,1
Person_758,person758@example.com,555-555-0758,34,Male,709,5603,1
Person_759,person759@example.com,555-555-0759,41,Male,805,7777,1
Person_760,person760@example.com,555-555-0760,33,Female,769,5036,1
Person_761,person761@example.com,555-555-0761,45,Female,1203,7947,0
Person_762,person762@example.com,555-555-0762,47,Female,1186,4494,1
Person_763,person763@example.com,555-555-0763,42,Male,784,6485,1
Person_764,person764@example.com,555-555-0764,33,Female,1215,4719,0
Person_765,person765@example.com,555-555-0765,43,Female,1175,3884,0
Person_766,person766@example.com,555-555-0766,21,Male,1262,6138,1
Person_767,person767@example.com,555-555-0767,45,Female,726,6349,0
Person_768,person768@example.com,555-555-0768,33,Male,1447,5201,0
Person_769,person769@example.com,555-555-0769,26,Female,880,7179,1
Person_770,person770@example.com,555-555-0770,22,Female,959,4710,0
Person_771,person771@example.com,555-555-0771,42,Male,506,8610,0
Person_772,person772@example.com,555-555-0772,37,Male,528,8430,1
Person_773,person773@example.com,555-555-0773,57,Female,1406,9154,1
Person_774,person774@example.com,555-555-0774,54,Female,532,7636,0
Person_775,person775@example.com,555-555-0775,34,Male,1145,9634,0
Person_776,person776@example.com,555-555-0776,44,Female,1378,3953,1
Person_777,person777@example.com,555-555-0777,56,Female,578,8921,0
Person_778,person778@example.com,555-555-0778,47,Male,1427,8488,0
Person_779,person779@example.com,555-555-0779,29,Male,1446,6737,0
Person_780,person780@example.com,555-555-0780,58,Female,958,8525,1
Person_781,person781@example.com,555-555-0781,36,Male,1069,5850,0
Person_782,person782@example.com,555-555-0782,58,Female,1482,2689,0
Person_783,person783@example.com,555-555-0783,41,Female,1037,7372,1
Person_784,person784@example.com,555-555-0784,45,Male,981,3950,0
Person_785,person785@example.com,555-555-0785,44,Female,929,7175,0
Person_786,person786@example.com,555-555-0786,36,Female,1237,7582,1
Person_787,person787@example.com,555-555-0787,32,Male,784,2456,1
Person_788,person788@example.com,555-555-0788,39,Female,1015,7078,1
Person_789,person789@example.com,555-555-0789,44,Male,1476,4130,1
Person_790,person790@example.com,555-555-0790,23,Female,598,5976,0
Person_791,person791@example.com,555-555-0791,29,Female,896,7218,0
Person_792,person792@example.com,555-555-0792,22,Female,988,6244,1
Person_793,person793@example.com,555-555-0793,37,Female,538,7448,1
Person_794,person794@example.com,555-555-0794,55,Male,770,3179,0
Person_795,person795@example.com,555-555-0795,41,Female,1386,6285,1
Person_796,person796@example.com,555-555-0796,53,Male,1296,5565,0
Person_797,person797@example.com,555-555-0797,27,Female,656,2882,1
Person_798,person798@example.com,555-555-0798,59,Female,574,8406,0
Person_799,person799@example.com,555-555-0799,38,Female,1383,9247,1
Person_800,person800@example.com,555-555-0800,56,Male,1299,2399,1
Person_801,person801@example.com,555-555-0801,25,Male,629,8907,0
Person_802,person802@example.com,555-555-0802,45,Female,1186,2608,1
Person_803,person803@example.com,555-555-0803,53,Female,1473,9427,0
Person_804,person804@example.com,555-555-0804,25,Male,583,7891,0
Person_805,person805@example.com,555-555-0805,56,Male,521,3638,0
Person_806,person806@example.com,555-555-0806,52,Female,958,7671,0
Person_807,person807@example.com,555-555-0807,41,Male,1038,8928,0
Person_808,person808@example.com,555-555-0808,40,Female,1206,4148,1
Person_809,person809@example.com,555-555-0809,25,Female,1348,3382,1
Person_810,person810@example.com,555-555-0810,25,Male,881,3403,0
Person_811,person811@example.com,555-555-0811,23,Male,1247,2819,1
Person_812,person812@example.com,555-555-0812,49,Male,939,5292,0
Person_813,person813@example.com,555-555-0813,30,Female,1103,2819,1
Person_814,person814@example.com,555-555-0814,49,Female,1488,2419,1
Person_815,person815@example.com,555-555-0815,50,Male,520,6219,1
Person_816,person816@example.com,555-555-0816,43,Female,802,6517,1
Person_817,person817@example.com,555-555-0817,28,Male,1475,5302,0
Person_818,person818@example.com,555-555-0818,22,Female,1368,9857,0
Person_819,person819@example.com,555-555-0819,50,Female,1454,9230,1
Person_820,person820@example.com,555-555-0820,59,Female,583,3508,1
Person_821,person821@example.com,555-555-0821,56,Male,1273,9795,0
Person_822,person822@example.com,555-555-0822,55,Female,1158,9870,1
Person_823,person823@example.com,555-555-0823,43,Female,1452,7693,0
Person_824,person824@example.com,555-555-0824,50,Female,952,2767,0
Person_825,person825@example.com,555-555-0825,25,Male,886,4044,0
Person_826,person826@example.com,555-555-0826,21,Male,1006,8626,1
Person_827,person827@example.com,555-555-0827,39,Female,756,8662,0
Person_828,person828@example.com,555-555-0828,47,Female,1069,8298,1
Person_829,person829@example.com,555-555-0829,30,Female,1391,4139,0
Person_830,person830@example.com,555-555-0830,23,Female,1433,5029,1
Person_831,person831@example.com,555-555-0831,34,Male,1026,3549,1
Person_832,person832@example.com,555-555-0832,25,Female,661,8598,1
Person_833,person833@example.com,555-555-0833,49,Male,1456,3764,0
Person_834,person834@example.com,555-555-0834,57,Female,662,8140,0
Person_835,person835@example.com,555-555-0835,21,Male,1331,4645,1
Person_836,person836@example.com,555-555-0836,34,Female,1292,5716,1
Person_837,person837@example.com,555-555-0837,30,Male,1291,6605,1
Person_838,person838@example.com,555-555-0838,27,Male,1023,7302,0
Person_839,person839@example.com,555-555-0839,45,Female,1285,6481,0
Person_840,person840@example.com,555-555-0840,24,Male,770,7693,0
Person_841,person841@example.com,555-555-0841,25,Female,991,9898,0
Person_842,person842@example.com,555-555-0842,45,Female,707,8548,1
Person_843,person843@example.com,555-555-0843,23,Female,1038,4293,1
Person_844,person844@example.com,555-555-0844,38,Female,1083,6837,0
Person_845,person845@example.com,555-555-0845,39,Female,559,9758,0
Person_846,person846@example.com,555-555-0846,52,Male,929,4708,1
Person_847,person847@example.com,555-555-0847,39,Male,1484,8793,0
Person_848,person848@example.com,555-555-0848,31,Female,1156,9638,0
Person_849,person849@example.com,555-555-0849,20,Female,1104,9993,0
Person_850,person850@example.com,555-555-0850,45,Female,808,8007,0
Person_851,person851@example.com,555-555-0851,33,Male,1019,7542,0
Person_852,person852@example.com,555-555-0852,57,Male,1090,2900,0
Person_853,person853@example.com,555-555-0853,56,Female,526,8208,1
Person_854,person854@example.com,555-555-0854,30,Female,1185,5084,0
Person_855,person855@example.com,555-555-0855,55,Female,1061,8356,0
Person_856,person856@example.com,555-555-0856,32,Female,698,4009,1
Person_857,person857@example.com,555-555-0857,22,Male,886,2241,1
Person_858,person858@example.com,555-555-0858,52,Male,848,8636,1
Person_859,person859@example.com,555-555-0859,25,Female,1459,9380,0
Person_860,person860@example.com,555-555-0860,29,Female,1439,9860,1
Person_861,person861@example.com,555-555-0861,24,Male,1192,4385,0
Person_862,person862@example.com,555-555-0862,42,Female,1035,8116,0
Person_863,person863@example.com,555-555-0863,29,Female,1327,6268,0
Person_864,person864@example.com,555-555-0864,21,Male,877,2671,1
Person_865,person865@example.com,555-555-0865,32,Female,1398,2163,1
Person_866,person866@example.com,555-555-0866,59,Male,1415,2464,1
Person_867,person867@example.com,555-555-0867,21,Male,1057,5042,1
Person_868,person868@example.com,555-555-0868,39,Male,1026,6592,1
Person_869,person869@example.com,555-555-0869,20,Female,652,6795,0
Person_870,person870@example.com,555-555-0870,56,Female,1233,4442,0
Person_871,person871@example.com,555-555-0871,28,Female,705,6798,0
Person_872,person872@example.com,555-555-0872,36,Male,954,8036,0
Person_873,person873@example.com,555-555-0873,28,Male,772,4355,1
Person_874,person874@example.com,555-555-0874,30,Female,1393,7887,1
Person_875,person875@example.com,555-555-0875,34,Female,735,6278,0
Person_876,person876@example.com,555-555-0876,43,Male,1351,6724,1
Person_877,person877@example.com,555-555-0877,57,Female,1239,9961,1
Person_878,person878@example.com,555-555-0878,54,Male,1020,4557,0
Person_879,person879@example.com,555-555-0879,49,Male,1177,7827,0
Person_880,person880@example.com,555-555-0880,50,Male,1443,2545,1
Person_881,person881@example.com,555-555-0881,24,Male,1455,7683,1
Person_882,person882@example.com,555-555-0882,33,Male,1330,6719,0
Person_883,person883@example.com,555-555-0883,30,Female,1225,5835,0
Person_884,person884@example.com,555-555-0884,28,Female,1000,2593,0
Person_885,person885@example.com,555-555-0885,53,Female,616,6839,1
Person_886,person886@example.com,555-555-0886,31,Male,885,9394,0
Person_887,person887@example.com,555-555-0887,54,Male,843,7864,0
Person_888,person888@example.com,555-555-0888,54,Male,1083,5804,1
Person_889,person889@example.com,555-555-0889,20,Female,894,3459,1
Person_890,person890@example.com,555-555-0890,59,Female,563,8044,1
Person_891,person891@example.com,555-555-0891,41,Male,1216,5493,1
Person_892,person892@example.com,555-555-0892,48,Male,1220,4601,1
Person_893,person893@example.com,555-555-0893,27,Female,571,8164,0
Person_894,person894@example.com,555-555-0894,30,Male,1288,8697,0
Person_895,person895@example.com,555-555-0895,56,Male,773,4444,1
Person_896,person896@example.com,555-555-0896,33,Male,1489,4672,1
Person_897,person897@example.com,555-555-0897,49,Male,819,6200,1
Person_898,person898@example.com,555-555-0898,54,Female,837,8335,1
Person_899,person899@example.com,555-555-0899,40,Female,865,2016,1
Person_900,person900@example.com,555-555-0900,56,Female,994,5191,0
Person_901,person901@example.com,555-555-0901,24,Male,1106,2392,0
Person_902,person902@example.com,555-555-0902,38,Female,665,2424,0
Person_903,person903@example.com,555-555-0903,33,Female,1043,8272,0
Person_904,person904@example.com,555-555-0904,45,Male,510,9297,1
Person_905,person905@example.com,555-555-0905,23,Female,800,2571,0
Person_906,person906@example.com,555-555-0906,44,Female,1228,5631,1
Person_907,person907@example.com,555-555-0907,44,Female,1300,8172,1
Person_908,person908@example.com,555-555-0908,37,Male,601,3120,1
Person_909,person909@example.com,555-555-0909,59,Female,924,9177,0
Person_910,person910@example.com,555-555-0910,27,Male,891,2241,1
Person_911,person911@example.com,555-555-0911,58,Female,1278,5897,0
Person_912,person912@example.com,555-555-0912,59,Male,713,6095,0
Person_913,person913@example.com,555-555-0913,33,Female,1190,4279,1
Person_914,person914@example.com,555-555-0914,51,Female,587,2788,1
Person_915,person915@example.com,555-555-0915,57,Male,1052,9451,1
Person_916,person916@example.com,555-555-0916,52,Female,900,2714,0
Person_917,person917@example.com,555-555-0917,42,Female,1087,6854,1
Person_918,person918@example.com,555-555-0918,34,Female,1388,4849,0
Person_919,person919@example.com,555-555-0919,52,Female,545,2775,1
Person_920,person920@example.com,555-555-0920,44,Female,1171,6026,1
Person_921,person921@example.com,555-555-0921,36,Female,962,8869,0
Person_922,person922@example.com,555-555-0922,52,Female,1091,4247,0
Person_923,person923@example.com,555-555-0923,21,Female,809,9088,0
Person_924,person924@example.com,555-555-0924,33,Female,585,2078,0
Person_925,person925@example.com,555-555-0925,59,Male,591,9099,0
Person_926,person926@example.com,555-555-0926,59,Male,1159,5926,0
Person_927,person927@example.com,555-555-0927,58,Female,1172,2855,1
Person_928,person928@example.com,555-555-0928,25,Female,1213,9340,1
Person_929,person929@example.com,555-555-0929,25,Male,1435,8610,0
Person_930,person930@example.com,555-555-0930,22,Male,1427,8724,1
Person_931,person931@example.com,555-555-0931,26,Female,741,7535,0
Person_932,person932@example.com,555-555-0932,27,Male,1364,9083,1
Person_933,person933@example.com,555-555-0933,34,Male,501,8592,1
Person_934,person934@example.com,555-555-0934,48,Female,724,8230,0
Person_935,person935@example.com,555-555-0935,52,Female,1300,4148,0
Person_936,person936@example.com,555-555-0936,49,Female,1244,3031,0
Person_937,person937@example.com,555-555-0937,58,Female,1472,6940,1
Person_938,person938@example.com,555-555-0938,46,Female,1425,5271,0
Person_939,person939@example.com,555-555-0939,55,Male,1428,5576,1
Person_940,person940@example.com,555-555-0940,48,Female,1088,6182,0
Person_941,person941@example.com,555-555-0941,57,Male,615,8186,1
Person_942,person942@example.com,555-555-0942,52,Female,1165,5456,1
Person_943,person943@example.com,555-555-0943,56,Female,1417,9788,0
Person_944,person944@example.com,555-555-0944,46,Male,602,5506,1
Person_945,person945@example.com,555-555-0945,52,Male,693,2407,1
Person_946,person946@example.com,555-555-0946,23,Female,665,9650,0
Person_947,person947@example.com,555-555-0947,41,Male,1370,4711,1
Person_948,person948@example.com,555-555-0948,21,Female,589,5088,0
Person_949,person949@example.com,555-555-0949,29,Female,1185,3668,0
Person_950,person950@example.com,555-555-0950,24,Female,621,2147,0
Person_951,person951@example.com,555-555-0951,29,Female,642,8420,0
Person_952,person952@example.com,555-555-0952,52,Female,1493,6327,1
Person_953,person953@example.com,555-555-0953,57,Female,605,5897,1
Person_954,person954@example.com,555-555-0954,32,Male,1386,3950,1
Person_955,person955@example.com,555-555-0955,50,Female,927,2365,0
Person_956,person956@example.com,555-555-0956,55,Male,804,9395,1
Person_957,person957@example.com,555-555-0957,43,Female,1371,3674,1
Person_958,person958@example.com,555-555-0958,34,Male,1470,6531,0
Person_959,person959@example.com,555-555-0959,48,Female,816,6494,0
Person_960,person960@example.com,555-555-0960,27,Female,1462,7330,1
Person_961,person961@example.com,555-555-0961,24,Female,1134,7510,0
Person_962,person962@example.com,555-555-0962,48,Female,1401,4546,0
Person_963,person963@example.com,555-555-0963,23,Female,508,8683,0
Person_964,person964@example.com,555-555-0964,31,Male,1273,2562,0
Person_965,person965@example.com,555-555-0965,21,Male,572,5562,1
Person_966,person966@example.com,555-555-0966,46,Male,858,4489,0
Person_967,person967@example.com,555-555-0967,50,Female,722,7380,0
Person_968,person968@example.com,555-555-0968,55,Female,915,2772,0
Person_969,person969@example.com,555-555-0969,55,Female,1052,8493,0
Person_970,person970@example.com,555-555-0970,45,Male,869,4037,0
Person_971,person971@example.com,555-555-0971,46,Male,1215,5423,0
Person_972,person972@example.com,555-555-0972,24,Female,763,4567,0
Person_973,person973@example.com,555-555-0973,39,Female,1339,7439,0
Person_974,person974@example.com,555-555-0974,30,Male,1189,8281,1
Person_975,person975@example.com,555-555-0975,29,Male,1359,3573,0
Person_976,person976@example.com,555-555-0976,59,Male,817,5694,1
Person_977,person977@example.com,555-555-0977,57,Female,583,7087,0
Person_978,person978@example.com,555-555-0978,25,Male,817,8511,0
Person_979,person979@example.com,555-555-0979,27,Male,610,5291,0
Person_980,person980@example.com,555-555-0980,42,Male,750,9504,0
Person_981,person981@example.com,555-555-0981,45,Female,882,3246,1
Person_982,person982@example.com,555-555-0982,31,Male,506,5719,0
Person_983,person983@example.com,555-555-0983,45,Male,958,5839,0
Person_984,person984@example.com,555-555-0984,32,Female,583,2359,1
Person_985,person985@example.com,555-555-0985,59,Female,707,7016,1
Person_986,person986@example.com,555-555-0986,37,Female,1399,4376,0
Person_987,person987@example.com,555-555-0987,44,Male,889,5009,1
Person_988,person988@example.com,555-555-0988,52,Female,813,8606,1
Person_989,person989@example.com,555-555-0989,59,Male,521,4993,1
Person_990,person990@example.com,555-555-0990,31,Male,909,2962,0
Person_991,person991@example.com,555-555-0991,55,Male,1394,5632,0
Person_992,person992@example.com,555-555-0992,23,Male,1014,3827,0
Person_993,person993@example.com,555-555-0993,24,Male,626,9549,1
Person_994,person994@example.com,555-555-0994,56,Female,1308,8979,0
Person_995,person995@example.com,555-555-0995,27,Male,1199,3613,1
Person_996,person996@example.com,555-555-0996,47,Male,1373,3640,0
Person_997,person997@example.com,555-555-0997,50,Male,513,4216,0
Person_998,person998@example.com,555-555-0998,28,Female,1470,6312,1
Person_999,person999@example.com,555-555-0999,48,Female,1477,2377,0
